timestamp_sys,biota_id,label,insert_time_us
14:27:36,0000001001,Fish,33273
14:27:36,1000001002,Fish,19581
14:27:36,1000001003,Fish,17339
14:27:37,0000002001,Fish,33840
14:27:37,1000002002,Fish,15493
14:27:40,0000003001,Fish,34060
14:27:40,1000003002,Fish,16087
14:27:40,1000003003,Fish,14204
14:27:40,1000003004,Fish,16561
14:27:43,0000004001,Fish,33766
14:27:43,1000004002,Fish,17742
14:27:43,1000004003,Fish,15846
14:27:46,0000005001,Fish,33824
14:27:46,1000005002,Fish,16736
14:27:48,0000006001,Fish,32259
14:27:48,1000006002,Fish,17703
14:27:48,1000006003,Fish,15104
14:27:48,1000006004,Fish,15959
14:27:51,0000007001,Fish,34260
14:27:51,1000007002,Fish,15933
14:27:54,0000008001,Fish,34976
14:27:54,1000008002,Fish,17568
14:27:57,0000009001,Fish,36138
14:27:57,1000009002,Fish,15026
14:28:00,0000010001,Fish,35702
14:28:02,0000011001,Fish,36546
14:28:02,1000011002,Fish,16982
14:28:02,1000011003,Fish,14667
14:28:05,0000012001,Fish,34794
14:28:05,1000012002,Fish,15330
14:28:08,0000013001,Fish,37206
14:28:08,0000013002,Fish,16788
14:28:08,1000013003,Fish,15117
14:28:11,0000014001,Fish,35045
14:28:11,0000014002,Fish,17549
14:28:11,1000014003,Fish,14802
14:28:14,0000015001,Fish,36308
14:28:14,1000015002,Fish,13157
14:28:16,0000016001,Fish,37200
14:28:16,1000016002,Fish,17602
14:28:16,1000016003,Fish,14276
14:28:19,0000017001,Fish,35800
14:28:22,0000018001,Fish,36950
14:28:25,0000019001,Fish,38334
14:28:25,1000019002,Fish,17492
14:28:25,1000019003,Fish,16436
14:28:27,0000020001,Fish,35676
14:28:27,1000020002,Fish,20303
14:28:27,1000020003,Fish,15559
14:28:27,1000020004,Fish,15398
14:28:30,0000021001,Fish,33040
14:28:30,0000021002,Fish,16122
14:28:30,0000021003,Fish,14383
14:28:30,1000021004,Fish,15094
14:28:30,1000021005,Fish,15774
14:28:33,0000022001,Fish,34789
14:28:33,1000022002,Fish,14347
14:28:33,1000022003,Fish,16062
14:28:36,0000023001,Fish,34830
14:28:36,1000023002,Fish,14636
14:28:36,1000023003,Fish,16039
14:28:39,0000024001,Fish,34511
14:28:39,1000024002,Fish,17150
14:28:42,0000025001,Fish,34176
14:28:42,1000025002,Fish,14450
14:28:42,1000025003,Fish,14588
14:28:42,1000025004,Fish,15751
14:28:44,0000026001,Fish,40378
14:28:44,1000026002,Fish,14347
14:28:44,1000026003,Fish,31894
14:28:44,1000026004,Fish,14569
14:28:47,0000027001,Fish,34206
14:28:50,0000028001,Fish,33973
14:28:53,0000029001,Fish,35844
14:28:53,1000029002,Fish,15121
14:28:56,0000030001,Fish,36277
14:28:56,1000030002,Fish,17412
14:28:56,1000030003,Fish,16243
14:28:56,1000030004,Fish,13967
14:28:59,0000031001,Fish,34166
14:28:59,1000031002,Fish,16252
14:29:01,0000032001,Fish,36566
14:29:01,1000032002,Fish,16513
14:29:04,0000033001,Fish,36665
14:29:04,1000033002,Fish,16500
14:29:07,0000034001,Fish,36994
14:29:07,1000034002,Fish,15750
14:29:07,1000034003,Fish,15269
14:29:10,0000035001,Fish,37757
14:29:10,1000035002,Fish,17229
14:29:13,0000036001,Fish,39241
14:29:15,0000037001,Fish,35136
14:29:15,1000037002,Fish,17632
14:29:18,0000038001,Fish,32261
14:29:21,0000039001,Fish,32070
14:29:24,0000040001,Fish,35158
14:29:24,1000040002,Fish,14466
14:29:27,0000041001,Fish,36023
14:29:30,0000042001,Fish,36383
14:29:30,1000042002,Fish,15123
14:29:30,1000042003,Fish,18233
14:29:32,0000043001,Fish,35161
14:29:32,1000043002,Fish,16427
14:29:32,1000043003,Fish,14361
14:29:35,0000044001,Fish,36702
14:29:35,1000044002,Fish,15002
14:29:38,0000045001,Fish,35541
14:29:41,0000046001,Fish,34283
14:29:41,1000046002,Fish,14637
14:29:43,0000047001,Fish,38603
14:29:43,1000047002,Fish,15215
14:29:46,0000048001,Fish,37895
14:29:46,1000048002,Fish,15899
14:29:49,0000049001,Fish,34541
14:29:52,0000050001,Fish,34389
14:29:52,0000050002,Fish,15058
14:29:52,1000050003,Fish,16445
14:29:55,0000051001,Fish,34200
14:29:55,1000051002,Fish,14753
14:29:57,0000052001,Fish,37098
14:29:57,1000052002,Fish,15308
14:29:57,1000052003,Fish,15060
14:30:00,0000053001,Fish,36651
14:30:03,0000054001,Fish,34147
14:30:06,0000055001,Fish,36288
14:30:09,0000056001,Fish,34360
14:30:09,1000056002,Fish,15009
14:30:09,1000056003,Fish,14554
14:30:11,0000057001,Fish,34074
14:30:11,1000057002,Fish,14939
14:30:14,0000058001,Fish,37975
14:30:14,1000058002,Fish,14514
14:30:17,0000059001,Fish,37341
14:30:17,1000059002,Fish,15446
14:30:17,1000059003,Fish,14188
14:30:20,0000060001,Fish,33127
14:30:20,1000060002,Fish,14853
14:30:23,0000061001,Fish,32467
14:30:23,1000061002,Fish,14896
14:30:26,0000062001,Fish,36772
14:30:28,0000063001,Fish,33607
14:30:31,0000064001,Fish,34354
14:30:31,1000064002,Fish,15093
14:30:34,0000065001,Fish,36853
14:30:34,1000065002,Fish,15514
14:30:34,1000065003,Fish,14487
14:30:37,0000066001,Fish,36814
14:30:40,0000067001,Fish,38321
14:30:40,1000067002,Fish,15585
14:30:40,1000067003,Fish,16183
14:30:42,0000068001,Fish,34728
14:30:42,1000068002,Fish,17046
14:30:45,0000069001,Fish,33039
14:30:48,0000070001,Fish,37519
14:30:51,0000071001,Fish,32627
14:30:54,0000072001,Fish,32739
14:30:54,1000072002,Fish,16913
14:30:56,0000073001,Fish,32742
14:30:56,1000073002,Fish,15010
14:30:59,0000074001,Fish,34078
14:30:59,1000074002,Fish,16147
14:31:02,0000075001,Fish,35744
14:31:02,1000075002,Fish,14225
14:31:05,0000076001,Fish,36978
14:31:05,1000076002,Fish,16534
14:31:08,0000077001,Fish,35776
14:31:08,1000077002,Fish,14815
14:31:08,1000077003,Fish,15832
14:31:10,0000078001,Fish,37503
14:31:10,1000078002,Fish,14812
14:31:10,1000078003,Fish,17635
14:31:13,0000079001,Fish,35022
14:31:16,0000080001,Fish,24585
14:31:16,1000080002,Fish,14265
14:31:19,0000081001,Fish,32666
14:31:22,0000082001,Fish,34089
14:31:24,0000083001,Fish,36125
14:31:24,1000083002,Fish,15648
14:31:27,0000084001,Fish,31842
14:31:27,1000084002,Fish,17373
14:31:27,1000084003,Fish,14618
14:31:27,1000084004,Fish,14788
14:31:30,0000085001,Fish,35956
14:31:30,1000085002,Fish,15603
14:31:33,0000086001,Fish,36243
14:31:33,1000086002,Fish,17961
14:31:33,1000086003,Fish,16804
14:31:36,0000087001,Fish,33421
14:31:38,0000088001,Fish,33391
14:31:41,0000089001,Fish,36928
14:31:41,0000089002,Fish,15667
14:31:44,0000090001,Fish,33703
14:31:44,1000090002,Fish,14889
14:31:44,1000090003,Fish,14273
14:31:47,0000091001,Fish,35945
14:31:47,0000091002,Fish,14618
14:31:47,1000091003,Fish,14030
14:31:50,0000092001,Fish,32776
14:31:50,0000092002,Fish,14336
14:31:53,0000093001,Fish,34455
14:31:55,0000094001,Fish,33997
14:31:55,1000094002,Fish,16288
14:31:55,1000094003,Fish,14434
14:31:58,0000095001,Fish,36765
14:32:01,0000096001,Fish,35260
14:32:01,1000096002,Fish,14980
14:32:04,0000097001,Fish,38017
14:32:04,1000097002,Fish,15699
14:32:04,1000097003,Fish,14550
14:32:04,1000097004,Fish,15586
14:32:07,0000098001,Fish,33991
14:32:07,1000098002,Fish,14642
14:32:07,1000098003,Fish,15006
14:32:07,1000098004,Fish,15688
14:32:10,0000099001,Fish,34315
14:32:10,0000099002,Fish,14387
14:32:10,1000099003,Fish,13941
14:32:12,0000100001,Fish,37874
14:32:12,1000100002,Fish,16642
14:32:15,0000101001,Fish,35702
14:32:15,1000101002,Fish,16066
14:32:18,0000102001,Fish,35201
14:32:18,1000102002,Fish,14911
14:32:18,1000102003,Fish,15935
14:32:21,0000103001,Fish,33391
14:32:21,1000103002,Fish,14474
14:32:23,0000104001,Fish,34008
14:32:23,1000104002,Fish,15281
14:32:26,0000105001,Fish,35885
14:32:29,0000106001,Fish,32971
14:32:29,1000106002,Fish,18046
14:32:32,0000107001,Fish,37170
14:32:32,1000107002,Fish,15749
14:32:35,0000108001,Fish,35432
14:32:35,1000108002,Fish,73088
14:32:38,0000109001,Fish,36512
14:32:40,0000110001,Fish,36052
14:32:43,0000111001,Fish,36425
14:32:43,1000111002,Fish,17776
14:32:46,0000112001,Fish,41897
14:32:46,1000112002,Fish,15543
14:32:49,0000113001,Fish,38639
14:32:52,0000114001,Fish,35682
14:32:54,0000115001,Fish,36849
14:32:57,0000116001,Fish,36790
14:32:57,1000116002,Fish,16486
14:33:00,0000117001,Fish,35087
14:33:03,0000118001,Fish,38489
14:33:03,1000118002,Fish,18304
14:33:06,0000119001,Fish,33774
14:33:06,1000119002,Fish,19879
14:33:08,0000120001,Fish,16337
14:33:11,0000121001,Fish,34375
14:33:14,0000122001,Fish,38505
14:33:14,1000122002,Fish,16246
14:33:17,0000123001,Fish,37452
14:33:20,0000124001,Fish,34960
14:33:23,0000125001,Fish,37940
14:33:25,0000126001,Fish,37325
14:33:28,0000127001,Fish,35440
14:33:31,0000128001,Fish,40013
14:33:34,0000129001,Fish,38271
14:33:34,1000129002,Fish,15:10:29,1000001001,Fish,27907
15:10:29,1000001002,Fish,15999
15:10:35,1200004001,Human,25849
15:10:35,1200004002,Human,12891
15:10:44,1000007001,Fish,48302
15:10:52,1200010001,Human,34300
15:11:01,1200013001,Human,46778
15:11:03,1200014001,Human,34302
15:11:06,1200015001,Human,32105
15:11:06,1000015001,Fish,16320
15:11:12,0000017001,Fish,39960
15:11:23,1000021001,Fish,38246
15:11:26,1000022001,Fish,33581
15:11:35,0100025001,Coral,49201
15:11:35,1100025002,Coral,13168
15:11:37,1100026001,Coral,35922
15:11:37,1100026002,Coral,14422
15:11:37,1100026003,Coral,15920
15:11:40,1000027001,Fish,33782
15:11:40,1000027002,Fish,16724
15:11:40,1000027003,Fish,14258
15:11:40,1000027004,Fish,16024
15:11:40,1000027005,Fish,15850
15:11:40,1000027006,Fish,17790
15:11:43,0000028001,Fish,32257
15:11:43,0000028002,Fish,16518
15:11:43,0000028003,Fish,16585
15:11:43,0000028004,Fish,14922
15:11:43,1200028001,Human,16631
15:11:43,1000028005,Fish,16473
15:11:43,1000028006,Fish,13987
15:11:43,1000028007,Fish,15839
15:11:43,1000028008,Fish,15852
15:11:43,1000028009,Fish,13683
15:11:43,1000028010,Fish,15895
15:11:43,1000028011,Fish,15705
15:11:43,1000028012,Fish,15136
15:11:43,1000028013,Fish,16340
15:11:43,1000028014,Fish,13650
15:11:43,1000028015,Fish,15901
15:11:43,1000028016,Fish,15323
15:11:43,1000028017,Fish,13875
15:11:43,1000028018,Fish,15594
15:11:43,1000028019,Fish,16593
15:11:43,1000028020,Fish,15821
15:11:43,1000028021,Fish,13970
15:11:46,0000029001,Fish,34699
15:11:46,0000029002,Fish,14112
15:11:46,0000029003,Fish,13986
15:11:46,1000029004,Fish,14054
15:11:46,1000029005,Fish,14301
15:11:46,1000029006,Fish,15703
15:11:46,1000029007,Fish,13936
15:11:46,1200029001,Human,14266
15:11:46,1000029008,Fish,16554
15:11:46,1000029009,Fish,13606
15:11:46,1000029010,Fish,14198
15:11:46,1000029011,Fish,14275
15:11:49,0000030001,Fish,35391
15:11:49,0000030002,Fish,14438
15:11:49,0000030003,Fish,14198
15:11:49,1000030004,Fish,14074
15:11:49,1000030005,Fish,16208
15:11:49,1000030006,Fish,16098
15:11:49,1000030007,Fish,14407
15:11:49,1000030008,Fish,14201
15:11:49,1000030009,Fish,14534
15:11:49,1100030001,Coral,13749
15:11:51,0100031001,Coral,34913
15:11:51,1000031001,Fish,16311
15:11:51,1000031002,Fish,14164
15:11:51,1000031003,Fish,15044
15:11:51,1000031004,Fish,14362
15:11:51,1100031002,Coral,16189
15:11:51,1000031005,Fish,15124
15:11:51,1000031006,Fish,14033
15:11:54,0000032001,Fish,33944
15:11:54,1100032001,Coral,14482
15:11:54,1000032002,Fish,14276
15:11:54,1000032003,Fish,16560
15:11:54,1000032004,Fish,15386
15:11:57,1000033001,Fish,32533
15:11:57,1000033002,Fish,14686
15:11:57,1000033003,Fish,14191
15:11:57,1000033004,Fish,15826
15:11:57,1000033005,Fish,14708
15:11:57,1000033006,Fish,17771
15:11:57,1000033007,Fish,15675
15:11:57,1000033008,Fish,13758
15:11:57,1000033009,Fish,13733
15:11:57,1000033010,Fish,16134
15:11:57,1000033011,Fish,14930
15:11:57,1000033012,Fish,14467
15:11:57,1000033013,Fish,14754
15:11:57,1000033014,Fish,14735
15:11:57,1000033015,Fish,14434
15:11:57,1000033016,Fish,14305
15:11:57,1000033017,Fish,31636
15:11:57,1000033018,Fish,13879
15:11:57,1000033019,Fish,15160
15:11:57,1000033020,Fish,15088
15:12:00,1200034001,Human,34178
15:12:00,1100034001,Coral,13929
15:12:03,1100035001,Coral,30750
15:12:03,1000035001,Fish,14584
15:12:03,1000035002,Fish,15406
15:12:05,1000036001,Fish,34951
15:12:05,1000036002,Fish,14407
15:12:05,1000036003,Fish,13832
15:12:05,1000036004,Fish,14440
15:12:08,0000037001,Fish,33905
15:12:08,0000037002,Fish,14119
15:12:08,0000037003,Fish,14815
15:12:08,1000037004,Fish,14990
15:12:08,1000037005,Fish,16863
15:12:08,1000037006,Fish,15220
15:12:08,1000037007,Fish,14583
15:12:08,1000037008,Fish,15279
15:12:08,1000037009,Fish,15010
15:12:08,1000037010,Fish,14210
15:12:08,1000037011,Fish,15049
15:12:08,1000037012,Fish,14081
15:12:08,1000037013,Fish,17756
15:12:08,1000037014,Fish,14165
15:12:08,1100037001,Coral,14391
15:12:08,1000037015,Fish,14659
15:12:08,1000037016,Fish,13721
15:12:11,0000038001,Fish,33351
15:12:11,1000038002,Fish,14290
15:12:11,1000038003,Fish,15353
15:12:11,1000038004,Fish,15982
15:12:11,1000038005,Fish,14111
15:12:11,1000038006,Fish,15054
15:12:11,1000038007,Fish,15899
15:12:11,1200038001,Human,14349
15:12:11,1000038008,Fish,14256
15:12:11,1000038009,Fish,14177
15:12:11,1000038010,Fish,15330
15:12:11,1000038011,Fish,14331
15:12:11,1000038012,Fish,17075
15:12:11,1000038013,Fish,14421
15:12:11,1000038014,Fish,12745
15:12:11,1000038015,Fish,14309
15:12:11,1000038016,Fish,14205
15:12:11,1000038017,Fish,16286
15:12:11,1000038018,Fish,14597
15:12:11,1000038019,Fish,15316
15:12:11,1000038020,Fish,14322
15:12:11,1000038021,Fish,13893
15:12:11,1000038022,Fish,13707
15:12:11,1000038023,Fish,16627
15:12:14,0000039001,Fish,32597
15:12:14,0000039002,Fish,14420
15:12:17,1000040001,Fish,32403
15:12:20,1000041001,Fish,27173
15:12:20,1000041002,Fish,17172
15:12:20,1000041003,Fish,14030
15:12:20,1000041004,Fish,14405
15:12:22,1000042001,Fish,36372
15:12:22,1000042002,Fish,14787
15:12:22,1000042003,Fish,13783
15:12:22,1000042004,Fish,14871
15:12:25,1100043001,Coral,31965
15:12:28,0000044001,Fish,47405
15:12:28,1100044001,Coral,14386
15:12:28,1100044002,Coral,14615
15:12:31,1100045001,Coral,32488
15:12:31,1100045002,Coral,14233
15:12:34,1100046001,Coral,33449
15:12:34,1000046001,Fish,15059
15:12:36,1100047001,Coral,35242
15:12:39,1100048001,Coral,34358
15:12:39,1200048001,Human,15793
15:12:45,1200050001,Human,34824
15:12:45,1200050002,Human,15409
15:12:45,1100050001,Coral,14379
15:12:48,1200051001,Human,32592
15:12:48,1000051001,Fish,14563
15:12:51,1100052001,Coral,34537
15:12:51,1200052001,Human,14739
15:12:53,1200053001,Human,33209
15:12:56,1200054001,Human,31471
15:12:56,1100054001,Coral,15472
15:12:56,1000054001,Fish,14354
15:12:59,1200055001,Human,32029
15:12:59,1200055002,Human,14460
15:13:02,0100056001,Coral,36470
15:13:02,0100056002,Coral,15362
15:13:02,0000056001,Fish,14990
15:13:02,1100056003,Coral,14158
15:13:02,1000056002,Fish,14847
15:13:02,1100056004,Coral,17155
15:13:02,1000056003,Fish,14626
15:13:02,1000056004,Fish,15149
15:13:02,1000056005,Fish,14225
15:13:02,1000056006,Fish,13534
15:13:02,1000056007,Fish,13841
15:13:05,0100057001,Coral,34853
15:13:05,0000057001,Fish,14898
15:13:05,0000057002,Fish,14848
15:13:05,0000057003,Fish,17242
15:13:05,1100057002,Coral,14881
15:13:05,1000057004,Fish,14906
15:13:05,1100057003,Coral,14943
15:13:05,1000057005,Fish,14203
15:13:05,1200057001,Human,14422
15:13:05,1000057006,Fish,16705
15:13:05,1200057002,Human,14496
15:13:05,1000057007,Fish,14352
15:13:08,0100058001,Coral,33838
15:13:08,0000058001,Fish,13187
15:13:08,0000058002,Fish,13809
15:13:08,0000058003,Fish,14340
15:13:08,1200058001,Human,14174
15:13:08,1000058004,Fish,19076
15:13:08,1100058002,Coral,16020
15:13:08,1000058005,Fish,14229
15:13:08,1100058003,Coral,14522
15:13:08,1000058006,Fish,14140
15:13:08,1000058007,Fish,17088
15:13:10,0100059001,Coral,34418
15:13:10,0000059001,Fish,15039
15:13:10,0100059002,Coral,15123
15:13:10,0000059002,Fish,14359
15:13:10,0000059003,Fish,14294
15:13:10,1000059004,Fish,16960
15:13:10,1000059005,Fish,14931
15:13:10,1000059006,Fish,15173
15:13:10,1200059001,Human,14609
15:13:10,1200059002,Human,15069
15:13:10,1100059003,Coral,13776
15:13:13,0100060001,Coral,35383
15:13:13,0000060001,Fish,14206
15:13:13,1000060002,Fish,13894
15:13:13,1000060003,Fish,19096
15:13:13,1000060004,Fish,16075
15:13:13,1000060005,Fish,14453
15:13:13,1000060006,Fish,13618
15:13:13,1100060002,Coral,14350
15:13:13,1100060003,Coral,13771
15:13:13,1000060007,Fish,14303
15:13:13,1200060001,Human,14103
15:13:13,1000060008,Fish,13611
15:13:16,0100061001,Coral,34062
15:13:16,1100061002,Coral,15862
15:13:16,1000061001,Fish,13857
15:13:16,1000061002,Fish,14218
15:13:16,1000061003,Fish,39618
15:13:16,1100061003,Coral,15700
15:13:16,1000061004,Fish,43139
15:13:16,1200061001,Human,14689
15:13:16,1000061005,Fish,14903
15:13:19,0100062001,Coral,33271
15:13:19,0000062001,Fish,15490
15:13:19,0000062002,Fish,16898
15:13:19,1000062003,Fish,16323
15:13:19,1100062002,Coral,15003
15:13:19,1000062004,Fish,18825
15:13:19,1000062005,Fish,17436
15:13:19,1000062006,Fish,16786
15:13:19,1100062003,Coral,14353
15:13:19,1100062004,Coral,15340
15:13:19,1000062007,Fish,16884
15:13:19,1200062001,Human,17506
15:13:22,0100063001,Coral,37823
15:13:22,0000063001,Fish,14838
15:13:22,0000063002,Fish,15477
15:13:22,0000063003,Fish,14638
15:13:22,1100063002,Coral,15028
15:13:22,1000063004,Fish,17959
15:13:22,1100063003,Coral,17515
15:13:22,1100063004,Coral,17673
15:13:22,1000063005,Fish,16466
15:13:22,1000063006,Fish,16524
15:13:22,1000063007,Fish,16452
15:13:24,0100064001,Coral,36472
15:13:24,0000064001,Fish,18116
15:13:24,0000064002,Fish,14928
15:13:24,1000064003,Fish,14840
15:13:24,1000064004,Fish,16411
15:13:24,1100064002,Coral,17941
15:13:24,1100064003,Coral,14422
15:13:24,1100064004,Coral,15946
15:13:24,1000064005,Fish,17056
15:13:24,1000064006,Fish,17140
15:13:24,1200064001,Human,16352
15:13:27,0100065001,Coral,37097
15:13:27,0000065001,Fish,15971
15:13:27,1000065002,Fish,15325
15:13:27,1000065003,Fish,17251
15:13:27,1100065002,Coral,15460
15:13:27,1000065004,Fish,17433
15:13:27,1000065005,Fish,18608
15:13:27,1100065003,Coral,16624
15:13:27,1200065001,Human,16444
15:13:27,1000065006,Fish,15843
15:13:27,1000065007,Fish,16187
15:13:30,0100066001,Coral,36540
15:13:30,0000066001,Fish,15666
15:13:30,0000066002,Fish,14839
15:13:30,0000066003,Fish,17714
15:13:30,1200066001,Human,17483
15:13:30,1000066004,Fish,15799
15:13:30,1100066002,Coral,15180
15:13:30,1200066002,Human,14041
15:13:30,1000066005,Fish,14017
15:13:30,1000066006,Fish,14280
15:13:30,1000066007,Fish,14656
15:13:30,1000066008,Fish,17321
15:13:30,1000066009,Fish,14481
15:13:33,0100067001,Coral,32684
15:13:33,0000067001,Fish,17158
15:13:33,0100067002,Coral,13834
15:13:33,1000067002,Fish,14095
15:13:33,1000067003,Fish,14369
15:13:33,1000067004,Fish,15440
15:13:33,1200067001,Human,14987
15:13:33,1000067005,Fish,14063
15:13:33,1000067006,Fish,14264
15:13:33,1200067002,Human,14518
15:13:33,1000067007,Fish,15109
15:13:35,0100068001,Coral,34610
15:13:35,0000068001,Fish,15643
15:13:35,0000068002,Fish,14705
15:13:35,0000068003,Fish,59439
15:13:35,1100068002,Coral,14329
15:13:35,1000068004,Fish,14687
15:13:35,1000068005,Fish,14420
15:13:35,1100068003,Coral,16342
15:13:35,1200068001,Human,14791
15:13:35,1000068006,Fish,15170
15:13:35,1000068007,Fish,14519
15:13:38,0100069001,Coral,35170
15:13:38,0000069001,Fish,13916
15:13:38,0000069002,Fish,15079
15:13:38,0100069002,Coral,14405
15:13:38,0000069003,Fish,16835
15:13:38,1000069004,Fish,15322
15:13:38,1000069005,Fish,14386
15:13:38,1100069003,Coral,14800
15:13:38,1200069001,Human,14714
15:13:38,1200069002,Human,14525
15:13:38,1000069006,Fish,13864
15:13:38,1000069007,Fish,18900
15:13:41,0100070001,Coral,32449
15:13:41,0000070001,Fish,14090
15:13:41,0000070002,Fish,16934
15:13:41,0000070003,Fish,14976
15:13:41,1100070002,Coral,14515
15:13:41,1100070003,Coral,15706
15:13:41,1000070004,Fish,14062
15:13:41,1000070005,Fish,15022
15:13:41,1200070001,Human,14165
15:13:41,1200070002,Human,17449
15:13:41,1000070006,Fish,14397
15:13:44,0100071001,Coral,32971
15:13:44,0000071001,Fish,15942
15:13:44,0000071002,Fish,14163
15:13:44,0000071003,Fish,16675
15:13:44,1000071004,Fish,15143
15:13:44,1000071005,Fish,15637
15:13:44,1200071001,Human,14646
15:13:44,1100071002,Coral,14538
15:13:44,1000071006,Fish,14351
15:13:44,1200071002,Human,14513
15:13:44,1000071007,Fish,16851
15:13:44,1100071003,Coral,14338
15:13:47,0100072001,Coral,36089
15:13:47,0000072001,Fish,14538
15:13:47,0000072002,Fish,15696
15:13:47,0100072002,Coral,14609
15:13:47,1000072003,Fish,14654
15:13:47,1000072004,Fish,15859
15:13:47,1200072001,Human,17287
15:13:47,1000072005,Fish,14778
15:13:47,1100072003,Coral,14487
15:13:47,1100072004,Coral,14839
15:13:50,0100073001,Coral,34644
15:13:50,0000073001,Fish,14339
15:13:50,0000073002,Fish,14499
15:13:50,0000073003,Fish,13880
15:13:50,1100073002,Coral,16234
15:13:50,1200073001,Human,15726
15:13:50,1000073004,Fish,14301
15:13:50,1000073005,Fish,14024
15:13:50,1000073006,Fish,14127
15:13:50,1100073003,Coral,17513
15:13:50,1100073004,Coral,17346
15:13:52,0100074001,Coral,33226
15:13:52,0000074001,Fish,14032
15:13:52,1000074002,Fish,15244
15:13:52,1000074003,Fish,14315
15:13:52,1100074002,Coral,14699
15:13:52,1100074003,Coral,15501
15:13:52,1000074004,Fish,16347
15:13:52,1100074004,Coral,17400
15:13:52,1000074005,Fish,15951
15:13:52,1200074001,Human,14709
15:13:52,1000074006,Fish,13857
15:13:55,0100075001,Coral,35724
15:13:55,0000075001,Fish,15613
15:13:55,0100075002,Coral,14029
15:13:55,0000075002,Fish,16216
15:13:55,1000075003,Fish,14923
15:13:55,1000075004,Fish,15864
15:13:55,1000075005,Fish,14450
15:13:55,1000075006,Fish,13664
15:13:55,1200075001,Human,14637
15:13:55,1100075003,Coral,14612
15:13:58,0100076001,Coral,33506
15:13:58,0000076001,Fish,15003
15:13:58,0100076002,Coral,14091
15:13:58,0000076002,Fish,16483
15:13:58,0000076003,Fish,14944
15:13:58,1000076004,Fish,15086
15:13:58,1000076005,Fish,14624
15:13:58,1100076003,Coral,14577
15:13:58,1200076001,Human,14234
15:13:58,1000076006,Fish,16459
15:13:58,1100076004,Coral,13938
15:13:58,1200076002,Human,14391
15:14:01,0100077001,Coral,34342
15:14:01,0000077001,Fish,14255
15:14:01,0000077002,Fish,14133
15:14:01,0000077003,Fish,14485
15:14:01,1100077002,Coral,15250
15:14:01,1000077004,Fish,15821
15:14:01,1100077003,Coral,16364
15:14:01,1200077001,Human,15529
15:14:01,1000077005,Fish,17275
15:14:01,1200077002,Human,14971
15:14:04,0100078001,Coral,36729
15:14:04,0000078001,Fish,14461
15:14:04,0000078002,Fish,14204
15:14:04,0000078003,Fish,14014
15:14:04,1100078002,Coral,15574
15:14:04,1000078004,Fish,18942
15:14:04,1100078003,Coral,15142
15:14:04,1000078005,Fish,14467
15:14:04,1200078001,Human,14413
15:14:04,1000078006,Fish,14229
15:14:04,1200078002,Human,16922
15:14:04,1000078007,Fish,14574
15:14:06,0100079001,Coral,33724
15:14:06,0000079001,Fish,14807
15:14:06,1000079002,Fish,14580
15:14:06,1000079003,Fish,15057
15:14:06,1100079002,Coral,14895
15:14:06,1100079003,Coral,19232
15:14:06,1000079004,Fish,16324
15:14:06,1200079001,Human,14741
15:14:06,1000079005,Fish,14005
15:14:06,1200079002,Human,15211
15:14:06,1000079006,Fish,14548
15:14:06,1100079004,Coral,14634
15:14:06,1000079007,Fish,16055
15:14:06,1200079003,Human,19201
15:14:09,0100080001,Coral,36168
15:14:09,0000080001,Fish,15167
15:14:09,1000080002,Fish,15845
15:14:09,1000080003,Fish,14308
15:14:09,1000080004,Fish,14451
15:14:09,1200080001,Human,22220
15:14:09,1100080002,Coral,16046
15:14:09,1000080005,Fish,16072
15:14:09,1100080003,Coral,14201
15:14:12,1200081001,Human,37139
15:14:12,1200081002,Human,16570
15:14:15,1200082001,Human,35080
15:14:18,1200083001,Human,35172
15:14:26,1200086001,Human,39924
15:14:29,1200087001,Human,35132
15:14:32,1200088001,Human,34675
15:14:35,1200089001,Human,32965
15:14:38,1200090001,Human,35041
15:14:46,1200093001,Human,31489
15:14:46,1200093002,Human,19383
15:14:49,1200094001,Human,33204
15:14:54,1200096001,Human,45743
15:14:57,1200097001,Human,34184
15:14:57,1200097002,Human,16400
15:14:57,1200097003,Human,50530
15:15:00,1200098001,Human,33766
15:15:00,1200098002,Human,16041
15:15:00,1200098003,Human,16559
15:15:03,1200099001,Human,33451
15:15:03,1200099002,Human,18004
15:15:03,1200099003,Human,16852
15:15:06,1200100001,Human,36941
15:15:06,1200100002,Human,15131
15:15:08,1200101001,Human,38445
15:15:11,1200102001,Human,35270
15:15:11,1200102002,Human,16752
15:15:14,1200103001,Human,35995
15:15:17,1200104001,Human,31526
15:15:17,1200104002,Human,17519
15:15:20,1200105001,Human,38123
15:15:28,1200108001,Human,55526
15:15:28,1200108002,Human,17071
15:15:28,1200108003,Human,17041
15:15:31,1200109001,Human,32809
15:15:31,1200109002,Human,17981
15:15:36,1200111001,Human,43294
15:15:48,1200115001,Human,40168
15:15:59,0200119001,Human,39646
15:15:59,0000119001,Fish,14883
15:15:59,1000119002,Fish,14637
15:15:59,1000119003,Fish,14577
15:15:59,1000119004,Fish,17556
15:15:59,1000119005,Fish,16766
15:15:59,1000119006,Fish,14630
15:15:59,1000119007,Fish,14258
15:16:02,0000120001,Fish,36147
15:16:02,1000120002,Fish,16929
15:16:02,1000120003,Fish,15214
15:16:02,1000120004,Fish,14550
15:16:02,1000120005,Fish,14027
15:16:02,1000120006,Fish,15851
15:16:02,1000120007,Fish,16913
15:16:02,1000120008,Fish,14015
15:16:02,1200120001,Human,14579
15:16:02,1000120009,Fish,15115
15:16:02,1000120010,Fish,14376
15:16:02,1000120011,Fish,14681
15:16:02,1200120002,Human,14995
15:16:02,1000120012,Fish,16214
15:16:02,1000120013,Fish,14377
15:16:02,1000120014,Fish,14432
15:16:02,1000120015,Fish,15052
15:16:02,1000120016,Fish,14030
15:16:02,1000120017,Fish,13945
15:16:02,1000120018,Fish,15730
15:16:02,1000120019,Fish,15057
15:16:04,1000121001,Fish,35282
15:16:04,1000121002,Fish,15721
15:16:04,1000121003,Fish,14965
15:16:04,1200121001,Human,14412
15:16:04,1000121004,Fish,14472
15:16:04,1000121005,Fish,19531
15:16:04,1000121006,Fish,15810
15:16:04,1000121007,Fish,14573
15:16:04,1000121008,Fish,13745
15:16:04,1000121009,Fish,14586
15:16:04,1000121010,Fish,14200
15:16:04,1000121011,Fish,16030
15:16:04,1000121012,Fish,15590
15:16:04,1000121013,Fish,14367
15:16:04,1000121014,Fish,14494
15:16:04,1000121015,Fish,14782
15:16:07,0000122001,Fish,34878
15:16:07,1000122002,Fish,14074
15:16:07,1100122001,Coral,14972
15:16:07,1100122002,Coral,16786
15:16:07,1000122003,Fish,14426
15:16:07,1000122004,Fish,15021
15:16:07,1000122005,Fish,18041
15:16:07,1000122006,Fish,18637
15:16:07,1000122007,Fish,15628
15:16:07,1000122008,Fish,14301
15:16:10,0000123001,Fish,37733
15:16:10,0000123002,Fish,14271
15:16:10,0000123003,Fish,14133
15:16:10,0000123004,Fish,14767
15:16:10,0000123005,Fish,14460
15:16:10,1000123006,Fish,17778
15:16:10,1200123001,Human,14701
15:16:10,1000123007,Fish,14664
15:16:10,1000123008,Fish,15339
15:16:10,1000123009,Fish,14895
15:16:10,1000123010,Fish,14248
15:16:10,1100123001,Coral,16244
15:16:10,1000123011,Fish,15254
15:16:10,1000123012,Fish,14585
15:16:13,1100124001,Coral,32676
15:16:13,1000124001,Fish,14195
15:16:18,1000126001,Fish,41946
15:16:32,1000131001,Fish,36559
15:16:35,0100132001,Coral,32781
15:16:35,1200132001,Human,14781
15:16:38,1200133001,Human,30961
15:16:41,1100134001,Coral,30325
15:16:41,1000134001,Fish,18694
15:16:44,0100135001,Coral,35579
15:16:44,1100135002,Coral,14380
15:16:44,1100135003,Coral,15025
15:16:46,0100136001,Coral,32949
15:16:46,0100136002,Coral,17720
15:16:46,1100136003,Coral,15257
15:16:58,1000140001,Fish,43530
15:17:03,1000142001,Fish,41957
15:17:06,1100143001,Coral,36409
15:17:06,1100143002,Coral,14268
15:17:09,1100144001,Coral,35291
15:17:15,1200146001,Human,43210
15:17:18,1200147001,Human,33977
15:17:18,1000147001,Fish,14408
15:17:20,1200148001,Human,34178
15:17:23,0000149001,Fish,34326
15:17:23,1100149001,Coral,17619
15:17:26,0100150001,Coral,34987
15:17:26,1100150002,Coral,15228
15:17:26,1000150001,Fish,14598
15:17:29,0000151001,Fish,36291
15:17:29,0100151001,Coral,26895
15:17:45,0000157001,Fish,43832
15:17:45,1100157001,Coral,14321
15:17:48,0000158001,Fish,35170
15:17:48,1100158001,Coral,15474
15:17:51,0000159001,Fish,31660
15:17:51,1100159001,Coral,14254
15:17:53,0100160001,Coral,37567
15:17:56,0100161001,Coral,34216
15:17:59,1000162001,Fish,33450
15:18:02,1100163001,Coral,33435
15:18:05,0100164001,Coral,36667
15:18:08,1100165001,Coral,33083
15:18:08,1000165001,Fish,16323
15:18:08,1000165002,Fish,14102
15:18:10,0100166001,Coral,35913
15:18:19,1000169001,Fish,35035
15:18:22,0000170001,Fish,33945
15:18:22,1000170002,Fish,15791
15:18:30,0200173001,Human,33642
15:18:30,1200173002,Human,15347
15:18:38,0100176001,Coral,55200
15:18:41,1000177001,Fish,36838
15:18:49,0000180001,Fish,48505
15:18:49,1000180002,Fish,15618
15:18:49,1000180003,Fish,15793
15:18:49,1000180004,Fish,16557
15:18:49,1000180005,Fish,16012
15:19:46,1000200001,Fish,65326
15:19:49,0000201001,Fish,33482
15:19:59,1000205001,Fish,56779
15:20:14,1000210001,Fish,38766
15:20:31,1000216001,Fish,33167
15:20:42,0000220001,Fish,35760
15:21:18,0000233001,Fish,102353
15:21:29,0000237001,Fish,38261
15:21:32,1000238001,Fish,34364
15:21:35,1000239001,Fish,31178
15:21:38,0000240001,Fish,42098
15:21:49,0000244001,Fish,54342
15:22:09,1000251001,Fish,39682
15:23:41,1200284001,Human,35118
15:23:52,1200288001,Human,59763
15:24:06,0000293001,Fish,62508
15:24:29,1200301001,Human,72818
15:24:57,1000311001,Fish,65919
15:26:27,1000343001,Fish,63095
15:26:35,0000346001,Fish,47062
15:26:38,1000347001,Fish,36513
15:26:41,1000348001,Fish,33581
15:26:44,1000349001,Fish,34546
15:26:49,1000351001,Fish,42731
15:26:52,1000352001,Fish,35989
15:27:06,1000357001,Fish,38287
15:27:37,1000368001,Fish,36578
15:27:43,1200370001,Human,39807
15:27:48,1200372001,Human,42186
15:27:57,1000375001,Fish,49333
15:28:07,0000379001,Fish,58618
15:28:07,1000379002,Fish,14717
15:28:10,1000380001,Fish,40572
15:28:16,1000382001,Fish,40056
15:28:30,1000387001,Fish,49828
15:28:30,1000387002,Fish,20621
15:28:30,1000387003,Fish,16487
15:28:33,0000388001,Fish,33201
15:28:33,0000388002,Fish,15215
15:28:33,1000388003,Fish,15975
15:28:33,1000388004,Fish,14828
15:28:33,1000388005,Fish,13987
15:28:33,1000388006,Fish,15147
15:28:33,1000388007,Fish,14783
15:28:33,1000388008,Fish,14831
15:28:33,1000388009,Fish,14437
15:28:33,1000388010,Fish,16691
15:28:33,1000388011,Fish,14185
15:28:33,1000388012,Fish,19106
15:28:33,1000388013,Fish,16305
15:28:33,1000388014,Fish,13671
15:28:33,1000388015,Fish,16944
15:28:33,1000388016,Fish,16751
15:28:33,1000388017,Fish,14799
15:28:33,1000388018,Fish,17754
15:28:33,1000388019,Fish,18243
15:28:33,1000388020,Fish,14407
15:28:33,1000388021,Fish,17281
15:28:33,1000388022,Fish,21850
15:28:33,1000388023,Fish,16230
15:28:33,1000388024,Fish,14428
15:28:35,1000389001,Fish,37441
15:28:35,1000389002,Fish,14607
15:28:35,1000389003,Fish,14320
15:28:35,1000389004,Fish,17624
15:28:35,1000389005,Fish,15566
15:28:35,1000389006,Fish,18696
15:28:35,1000389007,Fish,14155
15:28:35,1000389008,Fish,14052
15:28:35,1000389009,Fish,14619
15:28:35,1000389010,Fish,14347
15:28:35,1000389011,Fish,14636
15:28:35,1000389012,Fish,13816
15:28:35,1000389013,Fish,17334
15:28:35,1000389014,Fish,14902
15:28:35,1000389015,Fish,14676
15:28:35,1000389016,Fish,14207
15:28:35,1000389017,Fish,14011
15:28:35,1000389018,Fish,14307
15:28:35,1000389019,Fish,14320
15:28:35,1000389020,Fish,15246
15:28:35,1000389021,Fish,16411
15:28:35,1000389022,Fish,36335
15:28:35,1000389023,Fish,14726
15:28:35,1000389024,Fish,14438
15:28:35,1000389025,Fish,15391
15:28:35,1000389026,Fish,14462
15:28:38,1000390001,Fish,35320
15:28:38,1000390002,Fish,14883
15:28:41,0000391001,Fish,33977
15:28:41,1000391002,Fish,14235
15:29:48,1000415001,Fish,34926
15:29:48,1000415002,Fish,16292
15:29:48,1000415003,Fish,14188
15:29:48,1000415004,Fish,19098
15:29:48,1000415005,Fish,16474
15:29:48,1000415006,Fish,15374
15:29:48,1000415007,Fish,14581
15:29:51,1100416001,Coral,38976
15:29:51,1000416001,Fish,16715
15:29:51,1000416002,Fish,15262
15:30:00,1000419001,Fish,50049
15:30:02,1000420001,Fish,35757
15:30:02,1000420002,Fish,17036
15:30:02,1000420003,Fish,18322
15:30:02,1000420004,Fish,14335
15:30:02,1000420005,Fish,15406
15:30:11,1000423001,Fish,49691
15:30:33,1000431001,Fish,57865
15:30:42,1000434001,Fish,55276
15:30:42,1000434002,Fish,17295
15:30:45,1200435001,Human,36399
15:30:50,1000437001,Fish,42508
15:30:53,1000438001,Fish,32660
15:30:56,0000439001,Fish,33479
15:30:56,1000439002,Fish,17810
15:30:59,1000440001,Fish,35043
15:31:01,0000441001,Fish,33916
15:31:01,1000441002,Fish,14779
15:31:01,1000441003,Fish,16361
15:31:01,1000441004,Fish,15056
15:31:01,1000441005,Fish,17516
15:31:01,1200441001,Human,17356
15:31:01,1000441006,Fish,17420
15:31:01,1000441007,Fish,14886
15:31:01,1000441008,Fish,14733
15:31:01,1000441009,Fish,16284
15:31:01,1000441010,Fish,14961
15:31:01,1000441011,Fish,15383
15:31:01,1000441012,Fish,14823
15:31:01,1000441013,Fish,14731
15:31:01,1000441014,Fish,14973
15:31:01,1000441015,Fish,16378
15:31:04,0000442001,Fish,34307
15:31:04,0000442002,Fish,14492
15:31:04,0000442003,Fish,13905
15:31:04,0200442001,Human,17094
15:31:04,0000442004,Fish,17290
15:31:04,1000442005,Fish,16008
15:31:04,1000442006,Fish,14193
15:31:04,1000442007,Fish,14568
15:31:04,1000442008,Fish,14900
15:31:04,1000442009,Fish,15043
15:31:04,1000442010,Fish,14383
15:31:04,1000442011,Fish,14229
15:31:04,1000442012,Fish,17760
15:31:04,1000442013,Fish,15230
15:31:04,1000442014,Fish,14719
15:31:04,1000442015,Fish,14363
15:31:04,1000442016,Fish,14606
15:31:04,1000442017,Fish,15651
15:31:04,1000442018,Fish,14996
15:31:04,1000442019,Fish,16138
15:31:04,1000442020,Fish,16500
15:31:04,1000442021,Fish,14298
15:31:04,1000442022,Fish,14241
15:31:04,1000442023,Fish,14505
15:31:04,1000442024,Fish,14655
15:31:04,1000442025,Fish,15641
15:31:04,1000442026,Fish,14204
15:31:04,1000442027,Fish,17004
15:31:04,1000442028,Fish,14123
15:31:04,1000442029,Fish,14535
15:31:04,1000442030,Fish,16627
15:31:04,1000442031,Fish,14140
15:31:04,1000442032,Fish,15677
15:31:07,0000443001,Fish,40577
15:31:07,0000443002,Fish,15911
15:31:07,0000443003,Fish,14367
15:31:07,0000443004,Fish,14328
15:31:07,0000443005,Fish,14771
15:31:07,1000443006,Fish,16527
15:31:07,1000443007,Fish,15217
15:31:07,1000443008,Fish,17398
15:31:07,1000443009,Fish,13921
15:31:07,1000443010,Fish,14131
15:31:07,1200443001,Human,14183
15:31:07,1000443011,Fish,14664
15:31:07,1000443012,Fish,15331
15:31:07,1000443013,Fish,18300
15:31:07,1000443014,Fish,17134
15:31:07,1000443015,Fish,15408
15:31:07,1000443016,Fish,47487
15:31:07,1000443017,Fish,14271
15:31:07,1000443018,Fish,16100
15:31:07,1000443019,Fish,15359
15:31:07,1000443020,Fish,14787
15:31:07,1000443021,Fish,14394
15:31:07,1000443022,Fish,15089
15:31:07,1000443023,Fish,15909
15:31:07,1000443024,Fish,16670
15:31:07,1000443025,Fish,14891
15:31:07,1000443026,Fish,15054
15:31:07,1000443027,Fish,14221
15:31:07,1000443028,Fish,14629
15:31:07,1000443029,Fish,17567
15:31:07,1000443030,Fish,16762
15:31:07,1000443031,Fish,14229
15:31:07,1000443032,Fish,17024
15:31:07,1000443033,Fish,14531
15:31:07,1000443034,Fish,14748
15:31:07,1000443035,Fish,14533
15:31:07,1000443036,Fish,15564
15:31:07,1000443037,Fish,15084
15:31:07,1000443038,Fish,14633
15:31:07,1000443039,Fish,16817
15:31:07,1000443040,Fish,14927
15:31:07,1200443002,Human,14043
15:31:10,1000444001,Fish,34814
15:31:10,1000444002,Fish,15197
15:31:13,0000445001,Fish,35287
15:31:13,1000445002,Fish,14810
15:31:13,1000445003,Fish,14341
15:31:13,1000445004,Fish,14697
15:31:18,1000447001,Fish,32582
15:31:24,1000449001,Fish,43623
15:31:49,1200458001,Human,42036
15:31:49,1100458001,Coral,17064
15:31:49,1200458002,Human,17781
15:31:52,1000459001,Fish,31655
15:32:00,1200462001,Human,51466
15:32:03,1000463001,Fish,34831
15:32:17,0000468001,Fish,38735
15:32:23,1000470001,Fish,48279
15:32:29,0000472001,Fish,41514
15:32:31,0000473001,Fish,31840
15:32:34,0000474001,Fish,36942
15:32:37,0000475001,Fish,30309
15:32:37,1000475002,Fish,14904
15:32:40,1000476001,Fish,38148
15:32:43,1000477001,Fish,32163
15:32:48,0000479001,Fish,33152
15:32:48,1200479001,Human,15979
15:32:51,1000480001,Fish,35470
15:32:54,0000481001,Fish,35405
15:32:59,1000483001,Fish,39084
15:32:59,1100483001,Coral,15217
15:33:16,1000489001,Fish,34434
15:33:19,1000490001,Fish,35314
15:33:25,0000492001,Fish,41390
15:33:27,1200493001,Human,37866
15:33:30,1000494001,Fish,33066
15:33:33,1000495001,Fish,32244
15:33:36,1200496001,Human,37336
15:33:36,1200496002,Human,15815
15:33:39,1000497001,Fish,35960
15:33:42,1000498001,Fish,34239
15:33:50,1100501001,Coral,40271
15:33:53,1200502001,Human,32858
15:33:53,1100502001,Coral,17126
15:34:18,1000511001,Fish,34749
15:34:21,1000512001,Fish,32879
15:34:27,1000514001,Fish,43813
15:34:27,1000514002,Fish,14168
15:34:27,1000514003,Fish,15699
15:34:27,1000514004,Fish,14558
15:34:27,1000514005,Fish,15025
15:34:27,1000514006,Fish,15386
15:34:27,1000514007,Fish,14268
15:34:27,1000514008,Fish,14632
15:34:27,1000514009,Fish,15204
15:34:27,1000514010,Fish,14775
15:34:27,1000514011,Fish,14721
15:34:27,1000514012,Fish,15700
15:34:27,1000514013,Fish,17685
15:34:27,1000514014,Fish,15641
15:34:27,1000514015,Fish,14646
15:34:27,1000514016,Fish,19015
15:34:30,0000515001,Fish,35638
15:34:30,0000515002,Fish,11807
15:34:30,1000515003,Fish,13967
15:34:30,1000515004,Fish,14367
15:34:30,1000515005,Fish,14448
15:34:30,1000515006,Fish,15551
15:34:30,1000515007,Fish,13565
15:34:30,1000515008,Fish,13364
15:34:30,1000515009,Fish,17121
15:34:30,1000515010,Fish,14015
15:34:30,1000515011,Fish,14365
15:34:30,1000515012,Fish,14563
15:34:30,1000515013,Fish,18877
15:34:32,1000516001,Fish,37539
15:34:32,1000516002,Fish,23216
15:34:32,1000516003,Fish,17861
15:34:32,1000516004,Fish,14941
15:34:32,1000516005,Fish,17154
15:34:32,1000516006,Fish,14477
15:34:32,1000516007,Fish,14137
15:34:32,1000516008,Fish,15030
15:34:35,1000517001,Fish,36207
15:34:38,1000518001,Fish,33044
15:34:49,1200522001,Human,19674
15:34:49,1200522002,Human,17060
15:34:57,1000525001,Fish,44200
15:34:57,1000525002,Fish,16199
15:34:57,1000525003,Fish,34910
15:34:57,1000525004,Fish,15359
15:35:34,1100538001,Coral,94971
15:35:37,1000539001,Fish,36634
15:35:39,0000540001,Fish,33405
15:35:39,1000540002,Fish,14549
15:35:42,1000541001,Fish,21176
15:35:42,1000541002,Fish,14293
15:35:42,1000541003,Fish,15608
15:35:51,1000544001,Fish,44826
15:35:51,1000544002,Fish,16111
15:35:51,1200544001,Human,17195
15:35:56,1000546001,Fish,43024
15:35:56,1200546001,Human,18259
15:35:56,1000546002,Fish,17954
15:35:59,1000547001,Fish,34333
15:35:59,1000547002,Fish,17638
15:35:59,1000547003,Fish,14212
15:35:59,1000547004,Fish,14559
15:35:59,1000547005,Fish,15458
15:36:02,1000548001,Fish,34789
15:36:05,1000549001,Fish,32224
15:36:10,0000551001,Fish,37426
15:36:10,1000551002,Fish,15805
15:36:10,1000551003,Fish,17094
15:36:10,1000551004,Fish,14477
15:36:10,1200551001,Human,15208
15:36:10,1000551005,Fish,16130
15:36:10,1000551006,Fish,15545
15:36:10,1000551007,Fish,17459
15:36:13,0000552001,Fish,32867
15:36:13,0000552002,Fish,15180
15:36:13,1000552003,Fish,15014
15:36:13,1200552001,Human,14136
15:36:13,1000552004,Fish,16363
15:36:13,1000552005,Fish,16452
15:36:13,1000552006,Fish,14459
15:36:13,1000552007,Fish,15364
15:36:13,1000552008,Fish,13859
15:36:13,1000552009,Fish,17054
15:36:13,1000552010,Fish,14203
15:36:13,1000552011,Fish,13914
15:36:13,1000552012,Fish,15872
15:36:13,1000552013,Fish,15273
15:36:16,0000553001,Fish,37108
15:36:16,0000553002,Fish,15951
15:36:16,0000553003,Fish,16422
15:36:16,0000553004,Fish,14956
15:36:16,1000553005,Fish,14468
15:36:16,1000553006,Fish,15860
15:36:16,1000553007,Fish,14683
15:36:16,1000553008,Fish,14245
15:36:16,1000553009,Fish,15033
15:36:16,1000553010,Fish,18418
15:36:16,1000553011,Fish,15260
15:36:16,1000553012,Fish,15390
15:36:16,1000553013,Fish,14180
15:36:16,1000553014,Fish,14287
15:36:16,1000553015,Fish,19213
15:36:16,1000553016,Fish,14878
15:36:16,1000553017,Fish,14593
15:36:16,1200553001,Human,14527
15:36:16,1000553018,Fish,58406
15:36:16,1000553019,Fish,16649
15:36:16,1000553020,Fish,14768
15:36:16,1000553021,Fish,14765
15:36:16,1000553022,Fish,15268
15:36:16,1000553023,Fish,15821
15:36:16,1000553024,Fish,13906
15:36:16,1000553025,Fish,16274
15:36:16,1000553026,Fish,15468
15:36:16,1000553027,Fish,14942
15:36:16,1000553028,Fish,16517
15:36:16,1000553029,Fish,15894
15:36:16,1000553030,Fish,14407
15:36:16,1000553031,Fish,17110
15:36:16,1000553032,Fish,14105
15:36:16,1000553033,Fish,14445
15:36:16,1000553034,Fish,14588
15:36:19,0000554001,Fish,37254
15:36:19,0000554002,Fish,14378
15:36:19,0000554003,Fish,17123
15:36:19,1000554004,Fish,18135
15:36:19,1000554005,Fish,16134
15:36:19,1000554006,Fish,15514
15:36:19,1000554007,Fish,14409
15:36:19,1000554008,Fish,14182
15:36:19,1000554009,Fish,15151
15:36:19,1000554010,Fish,14134
15:36:19,1000554011,Fish,14375
15:36:19,1000554012,Fish,14566
15:36:19,1000554013,Fish,17475
15:36:19,1000554014,Fish,15054
15:36:19,1000554015,Fish,14015
15:36:24,1000556001,Fish,32930
15:36:33,1000559001,Fish,53707
15:36:50,0000565001,Fish,72540
15:36:52,1000566001,Fish,34023
15:36:58,1100568001,Coral,34519
15:36:58,1200568001,Human,14390
15:37:01,1200569001,Human,34781
15:37:01,1000569001,Fish,18738
15:37:03,1000570001,Fish,33870
15:37:12,1000573001,Fish,42383
15:37:37,0000582001,Fish,34051
15:37:40,1000583001,Fish,33510
15:37:40,1000583002,Fish,14457
15:37:43,0000584001,Fish,37021
15:37:43,1000584002,Fish,16624
15:37:46,1000585001,Fish,34615
15:37:49,1200586001,Human,34284
15:37:51,1000587001,Fish,31882
15:37:57,1000589001,Fish,40326
15:38:00,0000590001,Fish,34835
15:38:00,1000590002,Fish,14083
15:38:03,0000591001,Fish,36899
15:38:08,1200593001,Human,34554
15:38:30,0000601001,Fish,76582
15:38:33,1000602001,Fish,31822
15:38:33,1000602002,Fish,18353
15:38:33,1000602003,Fish,16355
15:38:36,1000603001,Fish,36012
15:38:39,1000604001,Fish,32194
15:38:42,1000605001,Fish,30954
15:38:42,1200605001,Human,14560
15:38:44,1200606001,Human,30244
15:38:47,0200607001,Human,34662
15:38:50,0000608001,Fish,37644
15:38:59,1100611001,Coral,47167
15:39:01,1100612001,Coral,37658
15:39:07,1000614001,Fish,41204
15:39:35,1000624001,Fish,88198
15:39:35,1000624002,Fish,16619
15:39:35,1000624003,Fish,16431
15:39:35,1000624004,Fish,14906
15:39:38,0000625001,Fish,34883
15:39:38,1000625002,Fish,15333
15:39:38,1000625003,Fish,15103
15:39:38,1000625004,Fish,16705
15:39:38,1000625005,Fish,15390
15:39:38,1000625006,Fish,20221
15:39:38,1000625007,Fish,14016
15:39:38,1000625008,Fish,14313
15:39:38,1000625009,Fish,14787
15:39:38,1000625010,Fish,14886
15:39:38,1000625011,Fish,14772
15:39:38,1000625012,Fish,14420
15:39:38,1000625013,Fish,15273
15:39:38,1000625014,Fish,15241
15:39:38,1000625015,Fish,14758
15:39:38,1000625016,Fish,14711
15:39:41,1000626001,Fish,32672
15:39:41,1000626002,Fish,14980
15:39:41,1000626003,Fish,14255
15:39:41,1000626004,Fish,14534
15:39:41,1000626005,Fish,13753
15:39:41,1000626006,Fish,16701
15:39:41,1000626007,Fish,14059
15:39:41,1000626008,Fish,13928
15:39:41,1000626009,Fish,15950
15:39:41,1000626010,Fish,13760
15:39:41,1000626011,Fish,13572
15:39:41,1000626012,Fish,13450
15:39:41,1000626013,Fish,13477
15:39:41,1000626014,Fish,14888
15:39:41,1000626015,Fish,13438
15:39:41,1000626016,Fish,13848
15:39:41,1000626017,Fish,13784
15:39:43,1000627001,Fish,36726
15:39:52,1000630001,Fish,33474
15:40:00,1000633001,Fish,48217
15:40:00,1200633001,Human,17054
15:40:03,1000634001,Fish,38658
15:40:03,1200634001,Human,14796
15:40:06,1000635001,Fish,35135
15:40:09,1000636001,Fish,33811
15:40:09,1000636002,Fish,14382
15:40:09,1000636003,Fish,14744
15:40:09,1000636004,Fish,16287
15:40:14,1000638001,Fish,43580
15:40:17,1000639001,Fish,36507
15:40:34,1100645001,Coral,35578
15:40:51,0000651001,Fish,32251
15:40:51,1000651002,Fish,19232
15:40:59,1000654001,Fish,48727
15:41:02,1000655001,Fish,32833
15:41:05,1000656001,Fish,36316
15:41:07,1000657001,Fish,36196
15:41:07,1000657002,Fish,14213
15:41:10,1000658001,Fish,36789
15:41:10,1000658002,Fish,16682
15:41:10,1000658003,Fish,17774
15:41:13,0000659001,Fish,33806
15:41:16,1000660001,Fish,34167
15:41:19,1100661001,Coral,32597
15:41:22,1200662001,Human,31201
15:41:22,1000662001,Fish,14648
15:41:22,1000662002,Fish,14489
15:41:22,1000662003,Fish,18551
15:41:22,1000662004,Fish,14855
15:41:22,1000662005,Fish,19442
15:41:22,1000662006,Fish,14723
15:41:24,0200663001,Human,31253
15:41:24,0000663001,Fish,14584
15:41:24,1000663002,Fish,17917
15:41:24,1000663003,Fish,22371
15:41:24,1200663002,Human,16255
15:41:24,1000663004,Fish,17420
15:41:24,1200663003,Human,14736
15:41:24,1000663005,Fish,15406
15:41:24,1000663006,Fish,13881
15:41:24,1000663007,Fish,13540
15:41:24,1000663008,Fish,14149
15:41:24,1000663009,Fish,15466
15:41:24,1000663010,Fish,14887
15:41:24,1000663011,Fish,13893
15:41:27,0000664001,Fish,36674
15:41:27,0000664002,Fish,14358
15:41:27,0000664003,Fish,14522
15:41:27,1000664004,Fish,13704
15:41:27,1000664005,Fish,14464
15:41:27,1000664006,Fish,15921
15:41:27,1000664007,Fish,16467
15:41:27,1200664001,Human,15612
15:41:27,1000664008,Fish,18025
15:41:27,1000664009,Fish,13784
15:41:27,1000664010,Fish,14160
15:41:27,1000664011,Fish,13984
15:41:27,1000664012,Fish,14751
15:41:27,1000664013,Fish,14684
15:41:27,1000664014,Fish,13749
15:41:27,1000664015,Fish,16046
15:41:27,1000664016,Fish,14075
15:41:36,1000667001,Fish,38179
15:41:55,1200674001,Human,36122
15:42:01,1000676001,Fish,34919
15:42:06,1000678001,Fish,31446
15:42:06,1200678001,Human,15725
15:42:09,0100679001,Coral,40890
15:42:09,1200679001,Human,15835
15:42:09,1000679001,Fish,15255
15:42:12,1200680001,Human,35016
15:42:12,1000680001,Fish,14927
15:42:18,1200682001,Human,40721
15:42:26,0000685001,Fish,49696
15:42:37,1200689001,Human,33797
15:42:46,0000692001,Fish,50737
15:42:49,0000693001,Fish,34130
15:42:51,0000694001,Fish,32678
15:42:54,1000695001,Fish,33239
15:43:00,1000697001,Fish,39757
15:43:08,0000700001,Fish,35616
15:43:08,1200700001,Human,14997
15:43:11,0000701001,Fish,33914
15:43:17,1000703001,Fish,41093
15:43:39,1000711001,Fish,42018
15:43:39,1000711002,Fish,16286
15:43:42,0000712001,Fish,33990
15:43:47,1000714001,Fish,41590
15:43:53,1000716001,Fish,44675
15:43:56,1200717001,Human,35204
15:43:59,1000718001,Fish,34990
15:44:01,1000719001,Fish,32028
15:44:04,1000720001,Fish,39634
15:44:07,1100721001,Coral,21930
15:44:10,0100722001,Coral,37017
15:44:10,1100722002,Coral,15871
15:44:29,1200729001,Human,50672
15:44:32,0000730001,Fish,34915
15:44:46,0000735001,Fish,38982
15:44:46,0000735002,Fish,17113
15:44:46,1000735003,Fish,16530
15:44:46,1000735004,Fish,14334
15:44:46,1000735005,Fish,14419
15:44:46,1000735006,Fish,15856
15:44:46,1000735007,Fish,14919
15:44:46,1000735008,Fish,15111
15:44:46,1000735009,Fish,17327
15:44:46,1000735010,Fish,14797
15:44:46,1000735011,Fish,14460
15:44:46,1000735012,Fish,15294
15:44:46,1000735013,Fish,14617
15:44:46,1000735014,Fish,14468
15:44:46,1000735015,Fish,16368
15:44:46,1000735016,Fish,14444
15:44:46,1000735017,Fish,15171
15:44:46,1000735018,Fish,14712
15:44:49,0000736001,Fish,38570
15:44:49,1000736002,Fish,15137
15:44:49,1000736003,Fish,14350
15:44:49,1000736004,Fish,17585
15:44:49,1000736005,Fish,17267
15:44:49,1000736006,Fish,15879
15:44:49,1000736007,Fish,14906
15:44:49,1000736008,Fish,14919
15:44:49,1000736009,Fish,15591
15:44:49,1000736010,Fish,14473
15:44:49,1000736011,Fish,15131
15:44:52,1000737001,Fish,33400
15:44:55,0000738001,Fish,34605
15:44:55,1200738001,Human,15114
15:44:55,1200738002,Human,14610
15:44:57,1000739001,Fish,35126
15:45:00,0000740001,Fish,36816
15:45:00,0000740002,Fish,15347
15:45:00,1000740003,Fish,15823
15:45:00,1000740004,Fish,14581
15:45:00,1000740005,Fish,17213
15:45:06,1000742001,Fish,41081
15:45:09,1000743001,Fish,33840
15:45:14,1200745001,Human,39900
15:45:17,1000746001,Fish,33573
15:45:20,1000747001,Fish,37484
15:45:23,1000748001,Fish,33703
15:45:26,1000749001,Fish,32467
15:45:28,1000750001,Fish,33125
15:45:31,1000751001,Fish,32042
15:45:31,1000751002,Fish,14832
15:45:31,1000751003,Fish,14809
15:45:31,1000751004,Fish,14698
15:45:31,1000751005,Fish,16080
15:45:31,1000751006,Fish,16218
15:45:34,0000752001,Fish,35294
15:45:37,0000753001,Fish,41152
15:45:40,1000754001,Fish,36416
15:45:42,1000755001,Fish,36408
15:45:42,1100755001,Coral,16277
15:45:45,1000756001,Fish,35688
15:45:51,1100758001,Coral,42077
15:45:54,1100759001,Coral,31086
15:46:02,1200762001,Human,47504
15:46:02,1000762001,Fish,18057
15:46:05,1000763001,Fish,34994
15:46:05,1000763002,Fish,17041
15:46:07,0200764001,Human,31446
15:46:10,1000765001,Fish,33922
15:46:16,1000767001,Fish,34768
15:46:16,1200767001,Human,15655
15:46:19,1000768001,Fish,36926
15:46:19,1000768002,Fish,14126
15:46:22,0000769001,Fish,33438
15:46:24,0000770001,Fish,34011
15:46:24,1100770001,Coral,14813
15:46:27,1200771001,Human,37012
15:46:30,1200772001,Human,35144
15:46:30,1000772001,Fish,15449
15:46:30,1000772002,Fish,15392
15:46:30,1200772002,Human,13982
15:46:30,1000772003,Fish,13919
15:46:30,1000772004,Fish,19426
15:46:33,0000773001,Fish,39334
15:46:33,0000773002,Fish,18329
15:46:33,1200773001,Human,15751
15:46:33,1200773002,Human,14468
15:46:33,1200773003,Human,15081
15:46:33,1000773003,Fish,15525
15:46:33,1000773004,Fish,13977
15:46:33,1000773005,Fish,16840
15:46:33,1000773006,Fish,14758
15:46:33,1000773007,Fish,14635
15:46:33,1000773008,Fish,14000
15:46:36,0000774001,Fish,35364
15:46:36,0000774002,Fish,15240
15:46:36,1000774003,Fish,14747
15:46:36,1000774004,Fish,13973
15:46:36,1200774001,Human,17169
15:46:36,1000774005,Fish,16496
15:46:36,1000774006,Fish,14415
15:46:36,1000774007,Fish,14343
15:46:36,1000774008,Fish,14694
15:46:36,1000774009,Fish,14718
15:46:36,1000774010,Fish,15368
15:46:36,1000774011,Fish,14533
15:46:36,1000774012,Fish,17950
15:46:36,1000774013,Fish,14595
15:46:36,1200774002,Human,14794
15:46:36,1000774014,Fish,17043
15:46:39,1200775001,Human,33815
15:46:41,1000776001,Fish,34947
15:46:41,1000776002,Fish,15318
15:46:41,1200776001,Human,14289
15:46:41,1000776003,Fish,19790
15:46:41,1000776004,Fish,19089
15:46:41,1000776005,Fish,18048
15:46:41,1000776006,Fish,14791
15:46:44,1200777001,Human,32268
15:46:47,1200778001,Human,33944
15:46:50,1200779001,Human,31485
15:46:53,1200780001,Human,36270
15:46:55,1200781001,Human,51132
15:46:58,1200782001,Human,56121
15:47:04,1200784001,Human,41109
15:47:07,1200785001,Human,34394
15:47:15,1200788001,Human,52813
15:47:15,1000788001,Fish,16212
15:47:15,1100788001,Coral,14389
15:47:15,1000788002,Fish,16934
15:47:18,0200789001,Human,33801
15:47:18,1100789001,Coral,18096
15:47:18,1200789002,Human,14779
15:47:23,1000791001,Fish,45308
15:47:29,1000793001,Fish,45283
15:47:34,1200795001,Human,45385
15:47:34,1200795002,Human,14269
15:47:37,1000796001,Fish,36107
15:47:40,1000797001,Fish,35142
15:47:51,1000801001,Fish,32555
15:47:54,0000802001,Fish,39577
15:47:54,0100802001,Coral,15537
15:47:54,1000802002,Fish,15743
15:47:57,0000803001,Fish,35543
15:47:57,1000803002,Fish,17610
15:48:00,1000804001,Fish,35649
15:48:00,1000804002,Fish,16420
15:48:03,0000805001,Fish,38069
15:48:05,1200806001,Human,34036
15:48:16,0000810001,Fish,40381
15:48:19,0000811001,Fish,29822
15:48:22,1000812001,Fish,38360
15:48:33,1200816001,Human,46803
15:48:42,1200819001,Human,50544
15:48:44,1200820001,Human,37230
15:48:44,1200820002,Human,16257
15:48:47,1000821001,Fish,37460
15:48:53,0000823001,Fish,42796
15:48:56,1000824001,Fish,37664
15:49:07,1000828001,Fish,51341
15:49:07,1000828002,Fish,19404
15:49:13,1000830001,Fish,33099
15:49:21,0100833001,Coral,42201
15:49:41,1000840001,Fish,48201
15:49:55,1000845001,Fish,63645
15:49:55,1000845002,Fish,20247
15:49:55,1000845003,Fish,18616
15:49:58,1000846001,Fish,35137
15:49:58,1000846002,Fish,18804
15:49:58,1000846003,Fish,15495
15:49:58,1000846004,Fish,15196
15:49:58,1000846005,Fish,17070
15:49:58,1000846006,Fish,18634
15:50:06,1000849001,Fish,30427
15:50:09,0000850001,Fish,37235
15:50:20,1000854001,Fish,47177
15:50:20,1000854002,Fish,22428
15:50:23,1000855001,Fish,37536
15:50:25,1000856001,Fish,35386
15:50:31,1000858001,Fish,41724
15:50:40,1200861001,Human,51797
15:50:48,1200864001,Human,34288
15:50:54,1200866001,Human,43530
15:51:05,1200870001,Human,36507
15:51:05,1200870002,Human,17662
15:51:08,1000871001,Fish,37098
15:51:08,1000871002,Fish,13056
15:51:08,1000871003,Fish,15330
15:51:08,1000871004,Fish,14818
15:51:08,1000871005,Fish,14681
15:51:08,1000871006,Fish,18747
15:51:08,1000871007,Fish,14570
15:51:08,1000871008,Fish,14080
15:51:08,1000871009,Fish,14999
15:51:08,1000871010,Fish,14460
15:51:08,1000871011,Fish,14028
15:51:08,1000871012,Fish,15158
15:51:08,1000871013,Fish,15447
15:51:11,1000872001,Fish,35345
15:51:11,1000872002,Fish,14873
15:51:22,1000876001,Fish,61748
15:51:27,1000878001,Fish,41401
15:51:39,1000882001,Fish,37969
15:51:39,1000882002,Fish,20893
15:51:39,1000882003,Fish,16532
15:51:39,1000882004,Fish,16542
15:51:39,1000882005,Fish,15314
15:51:41,0000883001,Fish,32294
15:51:41,1000883002,Fish,17448
15:51:41,1000883003,Fish,15537
15:51:41,1000883004,Fish,16552
15:51:41,1000883005,Fish,16916
15:51:41,1000883006,Fish,15018
15:51:41,1000883007,Fish,14295
15:51:41,1000883008,Fish,14520
15:51:41,1000883009,Fish,14605
15:51:44,0000884001,Fish,39606
15:51:44,1000884002,Fish,16323
15:51:44,1000884003,Fish,16262
15:51:44,1000884004,Fish,14991
15:51:44,1000884005,Fish,15257
15:51:44,1000884006,Fish,15362
15:51:44,1000884007,Fish,14136
15:51:44,1000884008,Fish,14181
15:51:44,1000884009,Fish,16751
15:51:44,1000884010,Fish,13753
15:51:44,1000884011,Fish,14578
15:51:44,1000884012,Fish,14333
15:51:50,1000886001,Fish,41274
15:52:07,1200892001,Human,36457
15:53:09,1000914001,Fish,114714
15:53:11,1000915001,Fish,34324
15:53:28,1000921001,Fish,65195
15:53:28,1200921001,Human,16851
15:54:07,1000935001,Fish,89475
15:54:13,1000937001,Fish,41109
15:54:21,1000940001,Fish,30431
15:54:27,1000942001,Fish,44451
15:54:50,1000950001,Fish,34964
15:54:55,1000952001,Fish,40889
15:55:01,1000954001,Fish,51964
15:55:04,1000955001,Fish,33501
15:55:07,0000956001,Fish,37685
15:55:09,1200957001,Human,34230
15:55:12,1000958001,Fish,32538
15:55:26,1000963001,Fish,34995
15:55:29,1000964001,Fish,36105
15:55:29,1000964002,Fish,16694
15:55:34,1000966001,Fish,44334
15:56:11,1000979001,Fish,74764
15:56:17,0000981001,Fish,48875
15:56:17,1000981002,Fish,16333
15:56:17,1000981003,Fish,13706
15:56:17,1000981004,Fish,13858
15:56:17,1000981005,Fish,17633
15:56:17,1000981006,Fish,14104
15:56:17,1000981007,Fish,14637
15:56:17,1000981008,Fish,13665
15:56:17,1000981009,Fish,13717
15:56:17,1000981010,Fish,14098
15:56:17,1000981011,Fish,14233
15:56:19,1000982001,Fish,38627
15:56:19,1000982002,Fish,13262
15:56:19,1000982003,Fish,13609
15:56:19,1000982004,Fish,14661
15:56:19,1000982005,Fish,16649
15:56:36,1000988001,Fish,45114
15:56:36,1000988002,Fish,13858
15:56:39,1200989001,Human,33096
15:56:45,1200991001,Human,39240
15:56:47,1000992001,Fish,38362
15:56:47,1000992002,Fish,14369
15:56:47,1000992003,Fish,16671
15:56:47,1000992004,Fish,15404
15:56:50,1000993001,Fish,34910
15:56:50,1000993002,Fish,17767
15:56:50,1000993003,Fish,16388
15:56:50,1000993004,Fish,15799
15:56:53,0000994001,Fish,40313
15:56:53,1000994002,Fish,16013
15:56:53,1000994003,Fish,14061
15:56:53,1000994004,Fish,14820
15:56:53,1000994005,Fish,13911
15:56:53,1000994006,Fish,15020
15:56:53,1000994007,Fish,16432
15:56:53,1000994008,Fish,14035
15:56:53,1000994009,Fish,13791
15:56:53,1000994010,Fish,14233
15:56:53,1000994011,Fish,13905
15:56:56,1000995001,Fish,36756
15:56:56,1000995002,Fish,14540
15:57:01,1000997001,Fish,39137
15:57:04,1000998001,Fish,38235
15:57:27,1001006001,Fish,34888
15:57:47,1001013001,Fish,42350
15:57:52,1001015001,Fish,39164
15:58:17,1001024001,Fish,44792
15:58:17,1001024002,Fish,18168
15:58:20,1001025001,Fish,31468
15:58:29,1201028001,Human,50856
15:58:34,1001030001,Fish,40465
15:58:34,1001030002,Fish,14257
15:58:37,1001031001,Fish,31665
15:58:40,1001032001,Fish,33706
15:59:03,1001040001,Fish,65152
15:59:03,1001040002,Fish,16575
15:59:11,1001043001,Fish,50557
15:59:36,1001052001,Fish,65443
15:59:39,1001053001,Fish,32151
15:59:42,1001054001,Fish,35638
15:59:45,1001055001,Fish,34218
15:59:48,1001056001,Fish,34892
15:59:53,1001058001,Fish,31484
16:00:02,1201061001,Human,49659
16:00:04,1001062001,Fish,34725
16:00:13,1001065001,Fish,48159
16:00:13,1001065002,Fish,15835
16:00:16,0001066001,Fish,33482
16:00:16,0001066002,Fish,15714
16:00:16,1001066003,Fish,14510
16:00:16,1001066004,Fish,14013
16:00:16,1001066005,Fish,14956
16:00:16,1001066006,Fish,17599
16:00:38,1001074001,Fish,69023
16:01:29,1001092001,Fish,41952
16:01:29,1001092002,Fish,20065
16:01:29,1001092003,Fish,18339
16:01:29,1001092004,Fish,14144
16:01:46,1001098001,Fish,66752
16:01:57,1001102001,Fish,32718
16:01:57,1001102002,Fish,17133
16:01:57,1001102003,Fish,14084
16:01:57,1001102004,Fish,14192
16:01:57,1001102005,Fish,16902
16:02:00,1001103001,Fish,32092
16:02:00,1001103002,Fish,17277
16:02:00,1001103003,Fish,14338
16:02:00,1001103004,Fish,14310
16:02:00,1001103005,Fish,14816
16:02:03,1001104001,Fish,36339
16:02:03,1001104002,Fish,30680
16:02:03,1001104003,Fish,14369
16:02:03,1001104004,Fish,18901
16:02:03,1001104005,Fish,15374
16:02:03,1001104006,Fish,14439
16:02:03,1001104007,Fish,15217
16:02:03,1001104008,Fish,14273
16:02:05,0001105001,Fish,34727
16:02:05,1001105002,Fish,14377
16:02:05,1001105003,Fish,15388
16:02:05,1001105004,Fish,14333
16:02:05,1001105005,Fish,34439
16:02:28,1001113001,Fish,53664
16:03:26,1001134001,Fish,80704
16:03:29,1001135001,Fish,34315
16:03:29,1001135002,Fish,15783
16:03:49,1201142001,Human,50926
16:03:54,1001144001,Fish,47585
16:04:03,1001147001,Fish,48491
16:04:05,1001148001,Fish,31351
16:04:08,1001149001,Fish,32193
16:04:11,1001150001,Fish,35955
16:04:25,1001155001,Fish,40785
16:04:50,1001164001,Fish,52764
16:04:56,1001166001,Fish,41898
16:04:59,1001167001,Fish,34364
16:05:01,1001168001,Fish,39823
16:05:04,1001169001,Fish,33782
16:05:07,1001170001,Fish,35265
16:05:24,1001176001,Fish,46266
16:05:27,1001177001,Fish,36919
16:05:32,1001179001,Fish,41711
16:05:52,1001186001,Fish,40768
16:06:03,1001190001,Fish,64253
16:06:03,1001190002,Fish,16154
16:06:37,0001202001,Fish,87802
16:06:37,1001202002,Fish,18272
16:06:37,1001202003,Fish,15113
16:06:37,1001202004,Fish,14166
16:06:37,1001202005,Fish,20450
16:06:37,1001202006,Fish,14103
16:06:42,1001204001,Fish